rowid,clue,answer,definition,clue_number,puzzle_date,puzzle_name,source_url,source
1,"Acquisitive chap, as we see it (8)",COVETOUS,Acquisitive,1a,2019-08-08,Times 27424,https://times-xwd-times.livejournal.com/2185818.html,times_xwd_times
2,Back yard fencing weak and sagging (6),DROOPY,sagging,5a,2019-08-08,Times 27424,https://times-xwd-times.livejournal.com/2185818.html,times_xwd_times
3,"Stripping off uniform, love holding colonel's coat (10)",UNCLOTHING,Stripping,8a,2019-08-08,Times 27424,https://times-xwd-times.livejournal.com/2185818.html,times_xwd_times
4,Without a mark where they should be gained (4),EXAM,where they should be gained,9a,2019-08-08,Times 27424,https://times-xwd-times.livejournal.com/2185818.html,times_xwd_times
5,"Put a stop to Rugby's foul school leader (5,2,3,4)",KNOCK ON THE HEAD,Put a stop to,10a,2019-08-08,Times 27424,https://times-xwd-times.livejournal.com/2185818.html,times_xwd_times
6,Foreign letter coming in is the French letter (7),EPISTLE,letter,11a,2019-08-08,Times 27424,https://times-xwd-times.livejournal.com/2185818.html,times_xwd_times
7,Charge to pack knick-knacks hurriedly (7),AGITATO,hurriedly,13a,2019-08-08,Times 27424,https://times-xwd-times.livejournal.com/2185818.html,times_xwd_times
8,"At first, bear one fruit or another (7)",BANANAS,another,15a,2019-08-08,Times 27424,https://times-xwd-times.livejournal.com/2185818.html,times_xwd_times
9,Cited tot defending authoritarian leader (7),ADDUCED,Cited,18a,2019-08-08,Times 27424,https://times-xwd-times.livejournal.com/2185818.html,times_xwd_times
10,"Heady mixture of qualities nurse developed (7,7)",TEQUILA SUNRISE,Heady mixture,21a,2019-08-08,Times 27424,https://times-xwd-times.livejournal.com/2185818.html,times_xwd_times
11,A little house might ... be this? (4),SEMI,A little,22a,2019-08-08,Times 27424,https://times-xwd-times.livejournal.com/2185818.html,times_xwd_times
12,The writer's twice penning papers of merit (10),IMPRESSIVE,of merit,23a,2019-08-08,Times 27424,https://times-xwd-times.livejournal.com/2185818.html,times_xwd_times
13,Highest-ranking lady has heart stolen roguishly (6),ARCHLY,roguishly,24a,2019-08-08,Times 27424,https://times-xwd-times.livejournal.com/2185818.html,times_xwd_times
14,Grant a leader in the papers a column (8),CARYATID,a column,25a,2019-08-08,Times 27424,https://times-xwd-times.livejournal.com/2185818.html,times_xwd_times
15,Charles's going to loudly show amusement (7),CHUCKLE,show amusement,1d,2019-08-08,Times 27424,https://times-xwd-times.livejournal.com/2185818.html,times_xwd_times
16,Number one Scot with puritanical views (9),VICTORIAN,puritanical views,2d,2019-08-08,Times 27424,https://times-xwd-times.livejournal.com/2185818.html,times_xwd_times
17,What handyman has flipping spoils apparel (7),TOOLKIT,What handyman has,3d,2019-08-08,Times 27424,https://times-xwd-times.livejournal.com/2185818.html,times_xwd_times
18,Errant knight in huge trouble (7),UNHINGE,trouble,4d,2019-08-08,Times 27424,https://times-xwd-times.livejournal.com/2185818.html,times_xwd_times
19,"Turned tenacious, holding on (9)",DOGLEGGED,Turned,5d,2019-08-08,Times 27424,https://times-xwd-times.livejournal.com/2185818.html,times_xwd_times
20,"Stuff’s possibly tax-free, before cuts (7)",OVEREAT,Stuff,6d,2019-08-08,Times 27424,https://times-xwd-times.livejournal.com/2185818.html,times_xwd_times
21,"Praise, primarily, to give the thing acclaim? (7)",PLAUDIT,"Praise, primarily, to give the thing acclaim",7d,2019-08-08,Times 27424,https://times-xwd-times.livejournal.com/2185818.html,times_xwd_times
22,One admitted to being unstable? It’s still to be settled (9),LIABILITY,It’s still to be settled,12d,2019-08-08,Times 27424,https://times-xwd-times.livejournal.com/2185818.html,times_xwd_times
23,This vicar could be the record-holder (9),ARCHIVIST,record-holder,14d,2019-08-08,Times 27424,https://times-xwd-times.livejournal.com/2185818.html,times_xwd_times
24,"Complaint received by a miserly sort presenting a threat to workers (3,4)",ANT BEAR,sort presenting a threat to workers,16d,2019-08-08,Times 27424,https://times-xwd-times.livejournal.com/2185818.html,times_xwd_times
25,Liberal leader gave up splitting wood (7),ASQUITH,Liberal leader,17d,2019-08-08,Times 27424,https://times-xwd-times.livejournal.com/2185818.html,times_xwd_times
26,Light vessel reversed by a kingdom once (7),ASSYRIA,kingdom once,18d,2019-08-08,Times 27424,https://times-xwd-times.livejournal.com/2185818.html,times_xwd_times
27,"Ruling line in colour, almost ugly (7)",DYNASTY,Ruling line,19d,2019-08-08,Times 27424,https://times-xwd-times.livejournal.com/2185818.html,times_xwd_times
28,"European bank invests — diving in here? (4,3)",DEEP END,diving in here,20d,2019-08-08,Times 27424,https://times-xwd-times.livejournal.com/2185818.html,times_xwd_times
29,Number one Scot with puritanical views (9),VICTORIAN,,2d,2019-08-08,Times 27424,https://times-xwd-times.livejournal.com/2185818.html,times_xwd_times
30,Protective cover Queen got from prime minister (6),THATCH,Protective cover,1a,2021-03-03,Times 27915,https://times-xwd-times.livejournal.com/2498664.html,times_xwd_times
31,Share mistake and initially even Wall Street stalls? (8),PARTERRE,Wall Street stalls,4a,2021-03-03,Times 27915,https://times-xwd-times.livejournal.com/2498664.html,times_xwd_times
32,Concerned with small emergency arising once more (9),RESURGENT,arising once more,10a,2021-03-03,Times 27915,https://times-xwd-times.livejournal.com/2498664.html,times_xwd_times
33,Vouchsafed information about Roman square (5),GIVEN,Vouchsafed,11a,2021-03-03,Times 27915,https://times-xwd-times.livejournal.com/2498664.html,times_xwd_times
34,Perfectionist maybe disposing of uranium to key operator (7),PIANIST,key operator,12a,2021-03-03,Times 27915,https://times-xwd-times.livejournal.com/2498664.html,times_xwd_times
35,Concerned with component of blood containing iodine — that’s worrying (7),SERIOUS,worrying,13a,2021-03-03,Times 27915,https://times-xwd-times.livejournal.com/2498664.html,times_xwd_times
36,Country parrot seen round city (5),KENYA,Country,14a,2021-03-03,Times 27915,https://times-xwd-times.livejournal.com/2498664.html,times_xwd_times
37,Trap surrounded by enchantment is irresistible (8),MAGNETIC,irresistible,15a,2021-03-03,Times 27915,https://times-xwd-times.livejournal.com/2498664.html,times_xwd_times
38,One imprisoned in lead alloy by English (8),INTERNEE,One imprisoned,18a,2021-03-03,Times 27915,https://times-xwd-times.livejournal.com/2498664.html,times_xwd_times
39,Volunteers express disapproval — that’s not acceptable (5),TABOO,not acceptable,20a,2021-03-03,Times 27915,https://times-xwd-times.livejournal.com/2498664.html,times_xwd_times
40,"Garden flower that’s female outside, male inside (7)",VERBENA,Garden flower,23a,2021-03-03,Times 27915,https://times-xwd-times.livejournal.com/2498664.html,times_xwd_times
41,"Little time before long trip, missing start for early contest (7)",TOURNEY,early contest,25a,2021-03-03,Times 27915,https://times-xwd-times.livejournal.com/2498664.html,times_xwd_times
42,Sound beginning when hummingbird is rapidly returning (5),WHIRR,Sound,26a,2021-03-03,Times 27915,https://times-xwd-times.livejournal.com/2498664.html,times_xwd_times
43,"Is old feeling of delight not starting, being alone? (9)",ISOLATION,being alone,27a,2021-03-03,Times 27915,https://times-xwd-times.livejournal.com/2498664.html,times_xwd_times
44,Member got off by unknown feature of law (8),LEGALITY,feature of law,28a,2021-03-03,Times 27915,https://times-xwd-times.livejournal.com/2498664.html,times_xwd_times
45,European power limited by genuine revocation (6),REPEAL,revocation,29a,2021-03-03,Times 27915,https://times-xwd-times.livejournal.com/2498664.html,times_xwd_times
46,Where travellers pay to go and fish (8),TURNPIKE,Where travellers pay,1d,2021-03-03,Times 27915,https://times-xwd-times.livejournal.com/2498664.html,times_xwd_times
47,Refuse a black mark (7),ABSTAIN,Refuse,2d,2021-03-03,Times 27915,https://times-xwd-times.livejournal.com/2498664.html,times_xwd_times
48,Skill I learnt initially in prison which some find hard to swallow (9),CARTILAGE,which some find hard to swallow,3d,2021-03-03,Times 27915,https://times-xwd-times.livejournal.com/2498664.html,times_xwd_times
49,Convincing oneself car has motion (14),AUTOSUGGESTION,Convincing oneself,5d,2021-03-03,Times 27915,https://times-xwd-times.livejournal.com/2498664.html,times_xwd_times
50,Dynamic person is good in bank (5),TIGER,Dynamic person,6d,2021-03-03,Times 27915,https://times-xwd-times.livejournal.com/2498664.html,times_xwd_times
51,Soft cases used by opera violinists (7),RAVIOLI,Soft cases,7d,2021-03-03,Times 27915,https://times-xwd-times.livejournal.com/2498664.html,times_xwd_times
52,Chap from Eagle Street (6),ERNEST,Chap,8d,2021-03-03,Times 27915,https://times-xwd-times.livejournal.com/2498664.html,times_xwd_times
53,Soft-hearted person posted current crew thanks and tip (14),SENTIMENTALIST,Soft-hearted person,9d,2021-03-03,Times 27915,https://times-xwd-times.livejournal.com/2498664.html,times_xwd_times
54,Company went without leader as old as you and I (9),ENTOURAGE,Company,16d,2021-03-03,Times 27915,https://times-xwd-times.livejournal.com/2498664.html,times_xwd_times
55,"Royal Opera House deployed piano only, a real sleep inducer (8)",ROHYPNOL,a real sleep inducer,17d,2021-03-03,Times 27915,https://times-xwd-times.livejournal.com/2498664.html,times_xwd_times
56,Tending to race up and burst into song (7),NURSING,Tending to,19d,2021-03-03,Times 27915,https://times-xwd-times.livejournal.com/2498664.html,times_xwd_times
57,West African country introducing unknown energy fuel mixture (7),BENZINE,fuel mixture,21d,2021-03-03,Times 27915,https://times-xwd-times.livejournal.com/2498664.html,times_xwd_times
58,Rule first cells must be set up for admission (6),AVOWAL,admission,22d,2021-03-03,Times 27915,https://times-xwd-times.livejournal.com/2498664.html,times_xwd_times
59,Record single up around number four in chart (5),ENROL,Record,24d,2021-03-03,Times 27915,https://times-xwd-times.livejournal.com/2498664.html,times_xwd_times
60,"Startle, prepared to keep ace and not lead (4,1,4,4)",TAKE A BACK SEAT,not lead,1a,2018-05-17,Times 27040,https://times-xwd-times.livejournal.com/1942956.html,times_xwd_times
61,It may get endless representation (5),IMAGE,representation,9a,2018-05-17,Times 27040,https://times-xwd-times.livejournal.com/1942956.html,times_xwd_times
62,Message’s tenor we may hear described (9),VOICEMAIL,Message,10a,2018-05-17,Times 27040,https://times-xwd-times.livejournal.com/1942956.html,times_xwd_times
63,Think shop needs rebuke (10),DELIBERATE,Think,11a,2018-05-17,Times 27040,https://times-xwd-times.livejournal.com/1942956.html,times_xwd_times
64,No time for jokes — strap on leg (4),JESS,strap on leg,12a,2018-05-17,Times 27040,https://times-xwd-times.livejournal.com/1942956.html,times_xwd_times
65,"Get cash for proper detached place, not large (7)",REALISE,Get cash for,14a,2018-05-17,Times 27040,https://times-xwd-times.livejournal.com/1942956.html,times_xwd_times
66,"Republic extremely embarrassed, withdrawing current coins (7)",DENARII,coins,16a,2018-05-17,Times 27040,https://times-xwd-times.livejournal.com/1942956.html,times_xwd_times
67,"At heart, regrets nothing in Spanish island (7)",GRENADA,Spanish island,17a,2018-05-17,Times 27040,https://times-xwd-times.livejournal.com/1942956.html,times_xwd_times
68,Burden of work papers (7),OPPRESS,Burden,19a,2018-05-17,Times 27040,https://times-xwd-times.livejournal.com/1942956.html,times_xwd_times
69,Just open a container (4),AJAR,Just open,20a,2018-05-17,Times 27040,https://times-xwd-times.livejournal.com/1942956.html,times_xwd_times
70,"Fruit and meat including starter of rice for Chinese runner (5,5)",PEARL RIVER,Chinese runner,21a,2018-05-17,Times 27040,https://times-xwd-times.livejournal.com/1942956.html,times_xwd_times
71,People arrest smooth boy over a little bling (9),MEDALLION,a little bling,24a,2018-05-17,Times 27040,https://times-xwd-times.livejournal.com/1942956.html,times_xwd_times
72,Maxim’s garden feature? (5),GNOME,Maxim,25a,2018-05-17,Times 27040,https://times-xwd-times.livejournal.com/1942956.html,times_xwd_times
73,"Ma and Granny worried about Junior, a disillusioned playwright (5,5,3)",ANGRY YOUNG MAN,a disillusioned playwright,26a,2018-05-17,Times 27040,https://times-xwd-times.livejournal.com/1942956.html,times_xwd_times
74,"Old broadcaster’s second trailer for good stuff on compiler (5,9)",THIRD PROGRAMME,Old broadcaster’,1d,2018-05-17,Times 27040,https://times-xwd-times.livejournal.com/1942956.html,times_xwd_times
75,"Frolic about, holding a pen (5)",KRAAL,pen,2d,2018-05-17,Times 27040,https://times-xwd-times.livejournal.com/1942956.html,times_xwd_times
76,"Land almost nothing, after a West Indian lands one (10)",AZERBAIJAN,Land,3d,2018-05-17,Times 27040,https://times-xwd-times.livejournal.com/1942956.html,times_xwd_times
77,"Injurious commercial, very Irish (7)",ADVERSE,Injurious,4d,2018-05-17,Times 27040,https://times-xwd-times.livejournal.com/1942956.html,times_xwd_times
78,Came together and kept busy at the guillotine? (7),KNITTED,Came together,5d,2018-05-17,Times 27040,https://times-xwd-times.livejournal.com/1942956.html,times_xwd_times
79,Like some spuds? I had to speak (4),EYED,Like some spuds,6d,2018-05-17,Times 27040,https://times-xwd-times.livejournal.com/1942956.html,times_xwd_times
80,"Agreed toe is deformed somewhat (2,1,6)",TO A DEGREE,somewhat,7d,2018-05-17,Times 27040,https://times-xwd-times.livejournal.com/1942956.html,times_xwd_times
81,"Doctor percussing a lot who will get you looking better (7,7)",PLASTIC SURGEON,who will get you looking better,8d,2018-05-17,Times 27040,https://times-xwd-times.livejournal.com/1942956.html,times_xwd_times
82,Simple game won’t come to an end — I go to bed (10),SNAPDRAGON,I go to bed,13d,2018-05-17,Times 27040,https://times-xwd-times.livejournal.com/1942956.html,times_xwd_times
83,Queen cross with regiment holding up drink (9),ALEXANDRA,Queen,15d,2018-05-17,Times 27040,https://times-xwd-times.livejournal.com/1942956.html,times_xwd_times
84,Useful feature to order any time (7),AMENITY,Useful feature,18d,2018-05-17,Times 27040,https://times-xwd-times.livejournal.com/1942956.html,times_xwd_times
85,"Managed to support some good books: here, The Castle? (7)",OTRANTO,The Castle,19d,2018-05-17,Times 27040,https://times-xwd-times.livejournal.com/1942956.html,times_xwd_times
86,"Rev Vicar’s first study, say (5)",VROOM,Rev,22d,2018-05-17,Times 27040,https://times-xwd-times.livejournal.com/1942956.html,times_xwd_times
87,Bullet hit pest (4),SLUG,Bullet,23d,2018-05-17,Times 27040,https://times-xwd-times.livejournal.com/1942956.html,times_xwd_times
88,Intrepid daughter missing parent's sister (9),DAUNTLESS,Intrepid,1a,2020-09-29,Times Quick Cryptic 1711,https://times-xwd-times.livejournal.com/2414349.html,times_xwd_times
89,"Literary genre in South Carolina, one including Kipling poem (3-2)",SCI,Literary genre,6a,2020-09-29,Times Quick Cryptic 1711,https://times-xwd-times.livejournal.com/2414349.html,times_xwd_times
90,Training device transforming Liam's tour (9),SIMULATOR,Training device,8a,2020-09-29,Times Quick Cryptic 1711,https://times-xwd-times.livejournal.com/2414349.html,times_xwd_times
91,Plant serving sauce with meat (5),OXLIP,Plant,9a,2020-09-29,Times Quick Cryptic 1711,https://times-xwd-times.livejournal.com/2414349.html,times_xwd_times
92,Clothing submerged in northern river? (9),UNDERWEAR,Clothing,10a,2020-09-29,Times Quick Cryptic 1711,https://times-xwd-times.livejournal.com/2414349.html,times_xwd_times
93,"Popular act, without doubt (6)",INDEED,without doubt,12a,2020-09-29,Times Quick Cryptic 1711,https://times-xwd-times.livejournal.com/2414349.html,times_xwd_times
94,Position of rubbish in South America (6),STATUS,Position,13a,2020-09-29,Times Quick Cryptic 1711,https://times-xwd-times.livejournal.com/2414349.html,times_xwd_times
95,Element Mendeleev originally found in flowering plant (9),GERMANIUM,Element,16a,2020-09-29,Times Quick Cryptic 1711,https://times-xwd-times.livejournal.com/2414349.html,times_xwd_times
96,"Head of police called, revealing accident (5)",PRANG,accident,18a,2020-09-29,Times Quick Cryptic 1711,https://times-xwd-times.livejournal.com/2414349.html,times_xwd_times
97,Switch posts near ground (9),TRANSPOSE,Switch,19a,2020-09-29,Times Quick Cryptic 1711,https://times-xwd-times.livejournal.com/2414349.html,times_xwd_times
98,"With cunning, son locates youth leaders twice (5)",SLYLY,With cunning,21a,2020-09-29,Times Quick Cryptic 1711,https://times-xwd-times.livejournal.com/2414349.html,times_xwd_times
99,"Stun factory, displaying alyssum, for example (4,5)",ROCK PLANT,"alyssum, for example",22a,2020-09-29,Times Quick Cryptic 1711,https://times-xwd-times.livejournal.com/2414349.html,times_xwd_times
100,Argument inspector advanced in Home Counties (7),DISPUTE,Argument,1d,2020-09-29,Times Quick Cryptic 1711,https://times-xwd-times.livejournal.com/2414349.html,times_xwd_times
101,Destroyed a Parisian serving-girl verbally? (6),UNMADE,Destroyed,2d,2020-09-29,Times Quick Cryptic 1711,https://times-xwd-times.livejournal.com/2414349.html,times_xwd_times
102,Roofer left in middle or row (5),TILER,Roofer,3d,2020-09-29,Times Quick Cryptic 1711,https://times-xwd-times.livejournal.com/2414349.html,times_xwd_times
103,Amphibian originally eaten for tea (3),EFT,Amphibian,4d,2020-09-29,Times Quick Cryptic 1711,https://times-xwd-times.livejournal.com/2414349.html,times_xwd_times
104,Unexpectedly grumpy about quiet revolution (12),SURPRISINGLY,Unexpectedly,5d,2020-09-29,Times Quick Cryptic 1711,https://times-xwd-times.livejournal.com/2414349.html,times_xwd_times
105,"One making meteoric progress at Bisley, say? (8,4)",SHOOTING STAR,One making meteoric progress,6d,2020-09-29,Times Quick Cryptic 1711,https://times-xwd-times.livejournal.com/2414349.html,times_xwd_times
106,Insular type this writer maligns (8),ISLANDER,Insular type,7d,2020-09-29,Times Quick Cryptic 1711,https://times-xwd-times.livejournal.com/2414349.html,times_xwd_times
107,Plea to dine among competitors (8),ENTREATY,Plea,11d,2020-09-29,Times Quick Cryptic 1711,https://times-xwd-times.livejournal.com/2414349.html,times_xwd_times
108,Storm created by English politician during trial (7),TEMPEST,Storm,14d,2020-09-29,Times Quick Cryptic 1711,https://times-xwd-times.livejournal.com/2414349.html,times_xwd_times
109,"Shrub found in Michigan, Missouri and South America? (6)",MIMOSA,Shrub,15d,2020-09-29,Times Quick Cryptic 1711,https://times-xwd-times.livejournal.com/2414349.html,times_xwd_times
110,Model put up by a fabulous writer (5),AESOP,fabulous writer,17d,2020-09-29,Times Quick Cryptic 1711,https://times-xwd-times.livejournal.com/2414349.html,times_xwd_times
111,Part of circle a churchgoer joined (3),ARC,Part of circle,20d,2020-09-29,Times Quick Cryptic 1711,https://times-xwd-times.livejournal.com/2414349.html,times_xwd_times
112,"Born high or low, pondered changing sides (4-7)",BLUE-BLOODED,Born high,1d,2016-09-17,Jumbo 1225,https://times-xwd-times.livejournal.com/1594988.html,times_xwd_times
113,Surprisingly content to ignore every new music group (5),OCTET,music group,2d,2016-09-17,Jumbo 1225,https://times-xwd-times.livejournal.com/1594988.html,times_xwd_times
114,Promotion of publicly funded entertainment starting three months early? (9),MARKETING,Promotion,3d,2016-09-17,Jumbo 1225,https://times-xwd-times.livejournal.com/1594988.html,times_xwd_times
115,Revolutionary to run broadcasting company (7),TROTSKY,Revolutionary,4d,2016-09-17,Jumbo 1225,https://times-xwd-times.livejournal.com/1594988.html,times_xwd_times
116,Hybrid animal has feline claw shortened (7),CATTALO,Hybrid animal,5d,2016-09-17,Jumbo 1225,https://times-xwd-times.livejournal.com/1594988.html,times_xwd_times
117,Ordering of pieces from mint is a must for me (11),NUMISMATIST,me,7d,2016-09-17,Jumbo 1225,https://times-xwd-times.livejournal.com/1594988.html,times_xwd_times
118,Madcap display with tops off carelessly (6),ANYHOW,carelessly,8d,2016-09-17,Jumbo 1225,https://times-xwd-times.livejournal.com/1594988.html,times_xwd_times
119,Was a loudmouth Liberal before getting into power? (8),HOLLERED,Was a loudmouth,9d,2016-09-17,Jumbo 1225,https://times-xwd-times.livejournal.com/1594988.html,times_xwd_times
120,"Jesus follower uplifted youth with spirited stuff, just past two o'clock? (4,9)",MARY MAGDALENE,Jesus follower,10d,2016-09-17,Jumbo 1225,https://times-xwd-times.livejournal.com/1594988.html,times_xwd_times
121,Snake swallowing piece representing half or quarter of artists (7),BOHEMIA,quarter of artists,11d,2016-09-17,Jumbo 1225,https://times-xwd-times.livejournal.com/1594988.html,times_xwd_times
122,"Hater of Brussels sprouts to start with mushroom, having obsessed about removing cap (11)",EUROSCEPTIC,Hater of Brussels,12d,2016-09-17,Jumbo 1225,https://times-xwd-times.livejournal.com/1594988.html,times_xwd_times
123,Suave person who won't keep your interest without rifling through it (6-4),SMOOTH-BORE,without rifling through it,13d,2016-09-17,Jumbo 1225,https://times-xwd-times.livejournal.com/1594988.html,times_xwd_times
124,Section of Norman arch is thrown into disorder? (9),ANARCHIST,into disorder/9,20d,2016-09-17,Jumbo 1225,https://times-xwd-times.livejournal.com/1594988.html,times_xwd_times
125,"9 in the morning, stopping long speech (8)",SCREAMED,,23d,2016-09-17,Jumbo 1225,https://times-xwd-times.livejournal.com/1594988.html,times_xwd_times
126,A tiny toll from rise of large deer parasite in egg form (6),TINKLE,A tiny toll,25d,2016-09-17,Jumbo 1225,https://times-xwd-times.livejournal.com/1594988.html,times_xwd_times
127,"Publicity favoured pushy salesman's data, on paper (8)",PRINTOUT,"data, on paper",26d,2016-09-17,Jumbo 1225,https://times-xwd-times.livejournal.com/1594988.html,times_xwd_times
128,Promise to fix toilet pan (9),POTENTIAL,Promise,28d,2016-09-17,Jumbo 1225,https://times-xwd-times.livejournal.com/1594988.html,times_xwd_times
129,Disagreement on acceptance of a queen's duty (6),TARIFF,duty,29d,2016-09-17,Jumbo 1225,https://times-xwd-times.livejournal.com/1594988.html,times_xwd_times
130,"Newlyweds' odd utensil born in couple's being eccentric? (8,5)",RUNCIBLE SPOON,Newlyweds' odd utensil,31d,2016-09-17,Jumbo 1225,https://times-xwd-times.livejournal.com/1594988.html,times_xwd_times
131,"Charmer, bachelor in art school, that might be handy in a street fight (11)",SWITCHBLADE,that might be handy in a street fight,33d,2016-09-17,Jumbo 1225,https://times-xwd-times.livejournal.com/1594988.html,times_xwd_times
132,"Opposing discrimination, say, came down on a piece from Opera North (11)",EGALITARIAN,Opposing discrimination,34d,2016-09-17,Jumbo 1225,https://times-xwd-times.livejournal.com/1594988.html,times_xwd_times
133,Perhaps show outrage about popular sportsperson using strong-arm tactics (4-6),SHOT-PUTTER,sportsperson using strong-arm tactics,35d,2016-09-17,Jumbo 1225,https://times-xwd-times.livejournal.com/1594988.html,times_xwd_times
134,Radiant quality of star directed without serious thought (5-6),LIGHT-HEADED,without serious thought,36d,2016-09-17,Jumbo 1225,https://times-xwd-times.livejournal.com/1594988.html,times_xwd_times
135,"Financial juggling, random, with good earnings primarily for the bottom line? (9)",ARBITRAGE,Financial juggling,40d,2016-09-17,Jumbo 1225,https://times-xwd-times.livejournal.com/1594988.html,times_xwd_times
136,A swift kick to the rear as instruction for RUC? (4-4),BACK-HEEL,A swift kick to the rear,41d,2016-09-17,Jumbo 1225,https://times-xwd-times.livejournal.com/1594988.html,times_xwd_times
137,Traveller uttered unfocused angry outburst (7),VAGRANT,Traveller,43d,2016-09-17,Jumbo 1225,https://times-xwd-times.livejournal.com/1594988.html,times_xwd_times
138,"Press become tedious, with old content (7)",DRAGOON,Press,45d,2016-09-17,Jumbo 1225,https://times-xwd-times.livejournal.com/1594988.html,times_xwd_times
139,Labour's core began developing plant in Slough? (7),BOGBEAN,plant in Slough?,46d,2016-09-17,Jumbo 1225,https://times-xwd-times.livejournal.com/1594988.html,times_xwd_times
140,Squirt American uncle that's been dumped overboard (6),JETSAM,that's been dumped overboard,47d,2016-09-17,Jumbo 1225,https://times-xwd-times.livejournal.com/1594988.html,times_xwd_times
141,Praise out of place in review of books (5),AUDIT,review of books,50d,2016-09-17,Jumbo 1225,https://times-xwd-times.livejournal.com/1594988.html,times_xwd_times
142,About to go back to a security organisation - one with several branches (6),ACACIA,one with several branches,1a,2016-05-01,Sunday Times 4691,https://times-xwd-times.livejournal.com/1512448.html,times_xwd_times
143,"Old head has a gin, say, after school (6)",SATRAP,Old head,5a,2016-05-01,Sunday Times 4691,https://times-xwd-times.livejournal.com/1512448.html,times_xwd_times
144,One can't go off at nights (9),INSOMNIAC,One can't go off at nights,9a,2016-05-01,Sunday Times 4691,https://times-xwd-times.livejournal.com/1512448.html,times_xwd_times
145,Perth perv returned to dance (4),REEL,dance,10a,2016-05-01,Sunday Times 4691,https://times-xwd-times.livejournal.com/1512448.html,times_xwd_times
146,Seat in tree is rare (6),BREECH,Seat,11a,2016-05-01,Sunday Times 4691,https://times-xwd-times.livejournal.com/1512448.html,times_xwd_times
147,French policeman or criminal armed with information (8),GENDARME,French policeman,12a,2016-05-01,Sunday Times 4691,https://times-xwd-times.livejournal.com/1512448.html,times_xwd_times
148,Train Earl to get more canny touring Pennsylvania (8),ESPALIER,Train,14a,2016-05-01,Sunday Times 4691,https://times-xwd-times.livejournal.com/1512448.html,times_xwd_times
149,Monkey outside small recess (4),APSE,recess,16a,2016-05-01,Sunday Times 4691,https://times-xwd-times.livejournal.com/1512448.html,times_xwd_times
150,Ruined a sculpture (4),BUST,Ruined/a sculpture,18a,2016-05-01,Sunday Times 4691,https://times-xwd-times.livejournal.com/1512448.html,times_xwd_times
151,During psalm conductor talks foolishly (8),PRATTLES,talks foolishly,19a,2016-05-01,Sunday Times 4691,https://times-xwd-times.livejournal.com/1512448.html,times_xwd_times
152,Robert put old tie on American bird (8),BOBOLINK,American bird,21a,2016-05-01,Sunday Times 4691,https://times-xwd-times.livejournal.com/1512448.html,times_xwd_times
153,Doctor entertains artist with piano and a brandy (6),GRAPPA,brandy,22a,2016-05-01,Sunday Times 4691,https://times-xwd-times.livejournal.com/1512448.html,times_xwd_times
154,Bats finally settling on stove (4),GAGA,Bats,24a,2016-05-01,Sunday Times 4691,https://times-xwd-times.livejournal.com/1512448.html,times_xwd_times
155,Short belt - one form of punishment creating a storm! (9),HURRICANE,storm/storm,26a,2016-05-01,Sunday Times 4691,https://times-xwd-times.livejournal.com/1512448.html,times_xwd_times
156,Great cricketer becomes more like a judge? (6),SOBERS,Great cricketer/becomes more like a judge,27a,2016-05-01,Sunday Times 4691,https://times-xwd-times.livejournal.com/1512448.html,times_xwd_times
157,Flat behind the Spanish cardinal (6),ELEVEN,cardinal,28a,2016-05-01,Sunday Times 4691,https://times-xwd-times.livejournal.com/1512448.html,times_xwd_times
158,Painting Caruso performing with choir (11),CHIAROSCURO,Painting,2d,2016-05-01,Sunday Times 4691,https://times-xwd-times.livejournal.com/1512448.html,times_xwd_times
159,Class left out of big house (5),CASTE,Class,3d,2016-05-01,Sunday Times 4691,https://times-xwd-times.livejournal.com/1512448.html,times_xwd_times
160,A jolly cleaner goes round one piece of furniture (8),ARMCHAIR,piece of furniture,4d,2016-05-01,Sunday Times 4691,https://times-xwd-times.livejournal.com/1512448.html,times_xwd_times
161,Back in a short while (6),SECOND,Back /a short while,5d,2016-05-01,Sunday Times 4691,https://times-xwd-times.livejournal.com/1512448.html,times_xwd_times
162,Swimming manager fills dry bag (9),TERMAGANT,bag,6d,2016-05-01,Sunday Times 4691,https://times-xwd-times.livejournal.com/1512448.html,times_xwd_times
163,Grog makes you dim when put under pressure (3),ALE,Grog,7d,2016-05-01,Sunday Times 4691,https://times-xwd-times.livejournal.com/1512448.html,times_xwd_times
164,"Farm facility with fallen leader, grabbed by criminal mastermind with yen for dodgy deals (7-6)",JIGGERY POKERY,dodgy deals,8d,2016-05-01,Sunday Times 4691,https://times-xwd-times.livejournal.com/1512448.html,times_xwd_times
165,To defeat hunk is an outstanding achievement (11),MASTERPIECE,an outstanding achievement,13d,2016-05-01,Sunday Times 4691,https://times-xwd-times.livejournal.com/1512448.html,times_xwd_times
166,American left a flashing light outside as a navigator's aid (9),ASTROLABE,a navigator's aid,15d,2016-05-01,Sunday Times 4691,https://times-xwd-times.livejournal.com/1512448.html,times_xwd_times
167,Stupid angler almost hit pipe (8),NARGHILE,pipe,17d,2016-05-01,Sunday Times 4691,https://times-xwd-times.livejournal.com/1512448.html,times_xwd_times
168,Blackpool is known for such organs (6),LIGHTS,Blackpool is known for such/organs,20d,2016-05-01,Sunday Times 4691,https://times-xwd-times.livejournal.com/1512448.html,times_xwd_times
169,Quickly take horse from native American (5),APACE,Quickly,23d,2016-05-01,Sunday Times 4691,https://times-xwd-times.livejournal.com/1512448.html,times_xwd_times
170,"Bother sandboy, now and then (3)",ADO,Bother,25d,2016-05-01,Sunday Times 4691,https://times-xwd-times.livejournal.com/1512448.html,times_xwd_times
171,Cheating player playing craps hard (9),CARDSHARP,,1a,2017-11-13,Times Quick Cryptic 960,https://times-xwd-times.livejournal.com/1842433.html,times_xwd_times
172,Public school dismisses head for a lot of speed? (3),TON,,6a,2017-11-13,Times Quick Cryptic 960,https://times-xwd-times.livejournal.com/1842433.html,times_xwd_times
173,Tirade about a member of parliament that’s unrestrained (7),RAMPANT,,8a,2017-11-13,Times Quick Cryptic 960,https://times-xwd-times.livejournal.com/1842433.html,times_xwd_times
174,Singer in first ENO Rigoletto (5),TENOR,,9a,2017-11-13,Times Quick Cryptic 960,https://times-xwd-times.livejournal.com/1842433.html,times_xwd_times
175,Eroded around front of ship — not so good (5),WORSE,,10a,2017-11-13,Times Quick Cryptic 960,https://times-xwd-times.livejournal.com/1842433.html,times_xwd_times
176,Visitor caught everyone with Queen (6),CALLER,,12a,2017-11-13,Times Quick Cryptic 960,https://times-xwd-times.livejournal.com/1842433.html,times_xwd_times
177,New impression of non-monarchy and leaderless country (13),REPUBLICATION,,14a,2017-11-13,Times Quick Cryptic 960,https://times-xwd-times.livejournal.com/1842433.html,times_xwd_times
178,Father has a chap returning hat (6),PANAMA,,16a,2017-11-13,Times Quick Cryptic 960,https://times-xwd-times.livejournal.com/1842433.html,times_xwd_times
179,Choirmaster’s beginning to repeat part of Mass (5),CREDO,,17a,2017-11-13,Times Quick Cryptic 960,https://times-xwd-times.livejournal.com/1842433.html,times_xwd_times
180,The man’s gaining tons in robbery (5),HEIST,,19a,2017-11-13,Times Quick Cryptic 960,https://times-xwd-times.livejournal.com/1842433.html,times_xwd_times
181,Moving to a more select café? (7),TEAROOM,,20a,2017-11-13,Times Quick Cryptic 960,https://times-xwd-times.livejournal.com/1842433.html,times_xwd_times
182,Black and silver item of luggage (3),BAG,,22a,2017-11-13,Times Quick Cryptic 960,https://times-xwd-times.livejournal.com/1842433.html,times_xwd_times
183,A short month before Speaker becomes a moderniser of the House? (9),DECORATOR,,23a,2017-11-13,Times Quick Cryptic 960,https://times-xwd-times.livejournal.com/1842433.html,times_xwd_times
184,Barrister that’s soft and smooth (4),SILK,Barrister,1a,2018-01-10,Quick Cryptic 1002,https://times-xwd-times.livejournal.com/1875581.html,times_xwd_times
185,Sheriff’s officer to leave money for waiters (8),TIPSTAFF,Sheriff’s officer,3a,2018-01-10,Quick Cryptic 1002,https://times-xwd-times.livejournal.com/1875581.html,times_xwd_times
186,Chap gets older but copes (7),MANAGES,copes,8a,2018-01-10,Quick Cryptic 1002,https://times-xwd-times.livejournal.com/1875581.html,times_xwd_times
187,Proposer is Shaker’s companion? (5),MOVER,Proposer,10a,2018-01-10,Quick Cryptic 1002,https://times-xwd-times.livejournal.com/1875581.html,times_xwd_times
188,"Tricky problem, brewing artisan beer (5-6)",BRAIN-TEASER,Tricky problem,11a,2018-01-10,Quick Cryptic 1002,https://times-xwd-times.livejournal.com/1875581.html,times_xwd_times
189,Everyone in short dash for US city (6),DALLAS,US city,13a,2018-01-10,Quick Cryptic 1002,https://times-xwd-times.livejournal.com/1875581.html,times_xwd_times
190,Pictures came in for restoration (6),CINEMA,Pictures,15a,2018-01-10,Quick Cryptic 1002,https://times-xwd-times.livejournal.com/1875581.html,times_xwd_times
191,"Appear, as moths tend to? (4,2,5)",COME TO LIGHT,Appear,17a,2018-01-10,Quick Cryptic 1002,https://times-xwd-times.livejournal.com/1875581.html,times_xwd_times
192,Present of francs given to monarch (5),OFFER,Present,20a,2018-01-10,Quick Cryptic 1002,https://times-xwd-times.livejournal.com/1875581.html,times_xwd_times
193,"I won’t itemise the rest, even quickly (3,2,2)",AND SO ON,I won’t itemise the rest,21a,2018-01-10,Quick Cryptic 1002,https://times-xwd-times.livejournal.com/1875581.html,times_xwd_times
194,Smear pan to cook cheese (8),PARMESAN,cheese,22a,2018-01-10,Quick Cryptic 1002,https://times-xwd-times.livejournal.com/1875581.html,times_xwd_times
195,Very dark in Kentucky (4),INKY,Very dark,23a,2018-01-10,Quick Cryptic 1002,https://times-xwd-times.livejournal.com/1875581.html,times_xwd_times
196,A corpse: important one? (8),SOMEBODY,A corpse: important one,1d,2018-01-10,Quick Cryptic 1002,https://times-xwd-times.livejournal.com/1875581.html,times_xwd_times
197,"In Berlin, dainty girl (5)",LINDA,girl,2d,2018-01-10,Quick Cryptic 1002,https://times-xwd-times.livejournal.com/1875581.html,times_xwd_times
198,"Going along with others, one’s on foot (2,4)",IN STEP,Going along with others,4d,2018-01-10,Quick Cryptic 1002,https://times-xwd-times.livejournal.com/1875581.html,times_xwd_times
199,"Like some workers, needing houses destroyed (4-7)",SEMI-SKILLED,Like some workers,5d,2018-01-10,Quick Cryptic 1002,https://times-xwd-times.livejournal.com/1875581.html,times_xwd_times
200,Unfavourable notice on poem (7),ADVERSE,Unfavourable,6d,2018-01-10,Quick Cryptic 1002,https://times-xwd-times.livejournal.com/1875581.html,times_xwd_times
201,Reasonable-sounding food (4),FARE,food,7d,2018-01-10,Quick Cryptic 1002,https://times-xwd-times.livejournal.com/1875581.html,times_xwd_times
202,"Police force, green, admire criminal (11)",GENDARMERIE,Police force,9d,2018-01-10,Quick Cryptic 1002,https://times-xwd-times.livejournal.com/1875581.html,times_xwd_times
203,Need just showing self-indulgence (8),WANTONLY,showing self-indulgence,12d,2018-01-10,Quick Cryptic 1002,https://times-xwd-times.livejournal.com/1875581.html,times_xwd_times
204,Match the Devil (7),LUCIFER,Match/the Devil,14d,2018-01-10,Quick Cryptic 1002,https://times-xwd-times.livejournal.com/1875581.html,times_xwd_times
205,A pastry’s built up in layers (6),STRATA,layers,16d,2018-01-10,Quick Cryptic 1002,https://times-xwd-times.livejournal.com/1875581.html,times_xwd_times
206,Express dismay as relative has nothing to eat (5),GROAN,Express dismay,18d,2018-01-10,Quick Cryptic 1002,https://times-xwd-times.livejournal.com/1875581.html,times_xwd_times
207,Deck going up and down (4),POOP,Deck,19d,2018-01-10,Quick Cryptic 1002,https://times-xwd-times.livejournal.com/1875581.html,times_xwd_times
208,"Scot's pretty heartless, certainly not fed up! (4)",BONY,certainly not fed up,1a,2018-06-16,Times Cryptic No 27060,https://times-xwd-times.livejournal.com/1959397.html,times_xwd_times
209,"Two boys look embarrassed to get a big hand (5,5)",ROYAL FLUSH,a big hand,3a,2018-06-16,Times Cryptic No 27060,https://times-xwd-times.livejournal.com/1959397.html,times_xwd_times
210,Endless fun with French girlfriend in US city (7),LARAMIE,US city,9a,2018-06-16,Times Cryptic No 27060,https://times-xwd-times.livejournal.com/1959397.html,times_xwd_times
211,"Dramatist, English writer, penning story (7)",MOLIERE,Dramatist,11a,2018-06-16,Times Cryptic No 27060,https://times-xwd-times.livejournal.com/1959397.html,times_xwd_times
212,Alcohol's taken in small drops — it's silky stuff (9),GROSGRAIN,silky stuff,12a,2018-06-16,Times Cryptic No 27060,https://times-xwd-times.livejournal.com/1959397.html,times_xwd_times
213,Med resort's inspiring hotel in suitable place (5),NICHE,suitable place,13a,2018-06-16,Times Cryptic No 27060,https://times-xwd-times.livejournal.com/1959397.html,times_xwd_times
214,"Backing statute, rulers second support for motion (7,5)",WALKING STICK,support for motion,14a,2018-06-16,Times Cryptic No 27060,https://times-xwd-times.livejournal.com/1959397.html,times_xwd_times
215,"Pub riot, with cokes spilled? It's young people's entertainment (7,5)",PICTURE BOOKS,young people's entertainment,18a,2018-06-16,Times Cryptic No 27060,https://times-xwd-times.livejournal.com/1959397.html,times_xwd_times
216,High official and old men laugh (5),PASHA,High official,21a,2018-06-16,Times Cryptic No 27060,https://times-xwd-times.livejournal.com/1959397.html,times_xwd_times
217,Building feature: walls in Nevada and Delaware (9),COLONNADE,Building feature,22a,2018-06-16,Times Cryptic No 27060,https://times-xwd-times.livejournal.com/1959397.html,times_xwd_times
218,Tongue in need of a drink (7),ARABICA,drink,24a,2018-06-16,Times Cryptic No 27060,https://times-xwd-times.livejournal.com/1959397.html,times_xwd_times
219,Take away starter of tempura transported back (7),DETRACT,Take away,25a,2018-06-16,Times Cryptic No 27060,https://times-xwd-times.livejournal.com/1959397.html,times_xwd_times
220,"Bird's places for putting some wool, say (10)",GREENSHANK,Bird,26a,2018-06-16,Times Cryptic No 27060,https://times-xwd-times.livejournal.com/1959397.html,times_xwd_times
221,Runner would briefly lose control in motion (4),SKID,lose control in motion,27a,2018-06-16,Times Cryptic No 27060,https://times-xwd-times.livejournal.com/1959397.html,times_xwd_times
222,"£50 in pocket, have fine attire (8)",BALLGOWN,fine attire,1d,2018-06-16,Times Cryptic No 27060,https://times-xwd-times.livejournal.com/1959397.html,times_xwd_times
223,Just managed to put up with Lowry novel (8),NARROWLY,Just managed,2d,2018-06-16,Times Cryptic No 27060,https://times-xwd-times.livejournal.com/1959397.html,times_xwd_times
224,Round and large character (5),OMEGA,character,4d,2018-06-16,Times Cryptic No 27060,https://times-xwd-times.livejournal.com/1959397.html,times_xwd_times
225,Saltire bedecked by a church's patterned covering (9),AXMINSTER,patterned covering,5d,2018-06-16,Times Cryptic No 27060,https://times-xwd-times.livejournal.com/1959397.html,times_xwd_times
226,"Dossier's place in affair besetting current politicians (6,7)",FILING CABINET,Dossier's place,6d,2018-06-16,Times Cryptic No 27060,https://times-xwd-times.livejournal.com/1959397.html,times_xwd_times
227,"In France, a key old international agency (6)",UNESCO,international agency,7d,2018-06-16,Times Cryptic No 27060,https://times-xwd-times.livejournal.com/1959397.html,times_xwd_times
228,What about two media bigshots gets noticed (6),HEEDED,noticed,8d,2018-06-16,Times Cryptic No 27060,https://times-xwd-times.livejournal.com/1959397.html,times_xwd_times
229,Noticing Mafia criminal blowing things up (13),MAGNIFICATION,blowing things up,10d,2018-06-16,Times Cryptic No 27060,https://times-xwd-times.livejournal.com/1959397.html,times_xwd_times
230,Barge in front of canal has great horses around (4-5),GATE,Barge in,15d,2018-06-16,Times Cryptic No 27060,https://times-xwd-times.livejournal.com/1959397.html,times_xwd_times
231,Beastly male with an aggressor's weapon (8),TOMAHAWK,weapon,16d,2018-06-16,Times Cryptic No 27060,https://times-xwd-times.livejournal.com/1959397.html,times_xwd_times
232,Agreed East End's in need of renovation (8),ASSENTED,Agreed,17d,2018-06-16,Times Cryptic No 27060,https://times-xwd-times.livejournal.com/1959397.html,times_xwd_times
233,Jumped in Sierra before accident (6),SPRANG,Jumped,19d,2018-06-16,Times Cryptic No 27060,https://times-xwd-times.livejournal.com/1959397.html,times_xwd_times
234,Property to develop? Not at first (6),ESTATE,Property,20d,2018-06-16,Times Cryptic No 27060,https://times-xwd-times.livejournal.com/1959397.html,times_xwd_times
235,Left port carrying cargo (5),LADEN,carrying cargo,23d,2018-06-16,Times Cryptic No 27060,https://times-xwd-times.livejournal.com/1959397.html,times_xwd_times
236,Move around behind large stove (9),REARRANGE,Move around,1a,2015-09-16,Quick Cryptic Number 397,https://times-xwd-times.livejournal.com/1383368.html,times_xwd_times
237,Old-fashioned fool interrupts gym class (5),PASSE,Old-fashioned,6a,2015-09-16,Quick Cryptic Number 397,https://times-xwd-times.livejournal.com/1383368.html,times_xwd_times
238,Bullet casing with raised line found behind barrow? (9),CARTRIDGE,Bullet casing,8a,2015-09-16,Quick Cryptic Number 397,https://times-xwd-times.livejournal.com/1383368.html,times_xwd_times
239,Son to possess smooth face? (5),SHAVE,smooth face,9a,2015-09-16,Quick Cryptic Number 397,https://times-xwd-times.livejournal.com/1383368.html,times_xwd_times
240,"Nice try in developing urban problem area? (5,4)",INNER CITY,urban problem area?,10a,2015-09-16,Quick Cryptic Number 397,https://times-xwd-times.livejournal.com/1383368.html,times_xwd_times
241,Kitchen for craft right out of art venue (6),GALLEY,Kitchen for craft,12a,2015-09-16,Quick Cryptic Number 397,https://times-xwd-times.livejournal.com/1383368.html,times_xwd_times
242,"Look, lad’s not finished garden feature (6)",GAZEBO,garden feature,13a,2015-09-16,Quick Cryptic Number 397,https://times-xwd-times.livejournal.com/1383368.html,times_xwd_times
243,Off-the-shoulder end of Teeswater held by wire fastener beside ship (9),STRAPLESS,Off-the-shoulder,16a,2015-09-16,Quick Cryptic Number 397,https://times-xwd-times.livejournal.com/1383368.html,times_xwd_times
244,Fool accepting second surprising plot development (5),TWIST,surprising plot development,18a,2015-09-16,Quick Cryptic Number 397,https://times-xwd-times.livejournal.com/1383368.html,times_xwd_times
245,Goddess of beauty atrophied terribly (9),APHRODITE,Goddess of beauty,19a,2015-09-16,Quick Cryptic Number 397,https://times-xwd-times.livejournal.com/1383368.html,times_xwd_times
246,Beam of light in contact with synthetic fabric (5),RAYON,synthetic fabric,21a,2015-09-16,Quick Cryptic Number 397,https://times-xwd-times.livejournal.com/1383368.html,times_xwd_times
247,"Aircraft circling fringes of eastern New York, which Beatles sang about (5,4)",PENNY LANE,which Beatles sang about,22a,2015-09-16,Quick Cryptic Number 397,https://times-xwd-times.livejournal.com/1383368.html,times_xwd_times
248,"Get to mislead, with Republican replacing Democrat (7)",RECEIVE,Get,1d,2015-09-16,Quick Cryptic Number 397,https://times-xwd-times.livejournal.com/1383368.html,times_xwd_times
249,Publicising longest UK road with circular shape (6),AIRING,Publicising,2d,2015-09-16,Quick Cryptic Number 397,https://times-xwd-times.livejournal.com/1383368.html,times_xwd_times
250,"Less common instalment of Frasier, a rerun (5)",RARER,Less common,3d,2015-09-16,Quick Cryptic Number 397,https://times-xwd-times.livejournal.com/1383368.html,times_xwd_times
251,Encouraging sign from sleepy land? (3),NOD,Encouraging sign/sleepy land,4d,2015-09-16,Quick Cryptic Number 397,https://times-xwd-times.livejournal.com/1383368.html,times_xwd_times
252,"European, extremely old, stopping to become less hard occasionally (5,2,5)",EVERY SO OFTEN,occasionally,5d,2015-09-16,Quick Cryptic Number 397,https://times-xwd-times.livejournal.com/1383368.html,times_xwd_times
253,"One might be attached to a parcel, a tiny bit of land? (7,5)",POSTAGE STAMP,One might be attached to a parcel/a tiny bit of land,6d,2015-09-16,Quick Cryptic Number 397,https://times-xwd-times.livejournal.com/1383368.html,times_xwd_times
254,Flashy gem that gets waved around when guy’s on fire? (8),SPARKLER,Flashy gem/that gets waved around when guy’s on fire,7d,2015-09-16,Quick Cryptic Number 397,https://times-xwd-times.livejournal.com/1383368.html,times_xwd_times
255,Name I yet find strange (8),IDENTIFY,Name,11d,2015-09-16,Quick Cryptic Number 397,https://times-xwd-times.livejournal.com/1383368.html,times_xwd_times
256,"Gold and stone, before going without luxuries (7)",AUSTERE,going without luxuries,14d,2015-09-16,Quick Cryptic Number 397,https://times-xwd-times.livejournal.com/1383368.html,times_xwd_times
257,Eye part which damage could make tear in? (6),RETINA,Eye part,15d,2015-09-16,Quick Cryptic Number 397,https://times-xwd-times.livejournal.com/1383368.html,times_xwd_times
258,Someone acting for another in favour of two unknowns (5),PROXY,Someone acting for another,17d,2015-09-16,Quick Cryptic Number 397,https://times-xwd-times.livejournal.com/1383368.html,times_xwd_times
259,Layer often found in batteries? (3),HEN,Layer often found in batteries?,20d,2015-09-16,Quick Cryptic Number 397,https://times-xwd-times.livejournal.com/1383368.html,times_xwd_times
260,Batter fish first then start to steam rhubarb (10),CODSWALLOP,rhubarb,1a,2018-03-04,Sunday Times 4787,https://times-xwd-times.livejournal.com/1903582.html,times_xwd_times
261,"Drink from a small can, briefly (4)",ASTI,Drink,6a,2018-03-04,Sunday Times 4787,https://times-xwd-times.livejournal.com/1903582.html,times_xwd_times
262,"Ugly ball he smashed gets show of amusement (5,5)",BELLY LAUGH,show of amusement,9a,2018-03-04,Sunday Times 4787,https://times-xwd-times.livejournal.com/1903582.html,times_xwd_times
263,Not in favour of major road skirting edges of Newport(4),ANTI,Not in favour of,10a,2018-03-04,Sunday Times 4787,https://times-xwd-times.livejournal.com/1903582.html,times_xwd_times
264,Allow prince to be very nasty indeed (6),LETHAL,very nasty indeed,12a,2018-03-04,Sunday Times 4787,https://times-xwd-times.livejournal.com/1903582.html,times_xwd_times
265,"Private place for film? (2,6)",IN CAMERA,Private/place for film,13a,2018-03-04,Sunday Times 4787,https://times-xwd-times.livejournal.com/1903582.html,times_xwd_times
266,"Prepare to go round part of theatre (5,6)",DRESS CIRCLE,part of theatre,15a,2018-03-04,Sunday Times 4787,https://times-xwd-times.livejournal.com/1903582.html,times_xwd_times
267,"Portable food didn’t have drink for Spooner (6,5)",PACKED LUNCH,Portable food,18a,2018-03-04,Sunday Times 4787,https://times-xwd-times.livejournal.com/1903582.html,times_xwd_times
268,"Grannie follows deer — trying, at first, to be still (8)",STAGNANT,still,21a,2018-03-04,Sunday Times 4787,https://times-xwd-times.livejournal.com/1903582.html,times_xwd_times
269,Source of wine for artist in restaurant (6),CARAFE,Source of wine,22a,2018-03-04,Sunday Times 4787,https://times-xwd-times.livejournal.com/1903582.html,times_xwd_times
270,A doctor’s old reading desk (4),AMBO,reading desk,24a,2018-03-04,Sunday Times 4787,https://times-xwd-times.livejournal.com/1903582.html,times_xwd_times
271,Made a meal of deliveries and declared (10),OVERSTATED,Made a meal of,25a,2018-03-04,Sunday Times 4787,https://times-xwd-times.livejournal.com/1903582.html,times_xwd_times
272,Flat race is short (4),EVEN,Flat,26a,2018-03-04,Sunday Times 4787,https://times-xwd-times.livejournal.com/1903582.html,times_xwd_times
273,Make a bloomer in return for a sweet and spicysnack (10),BRANDYSNAP,a sweet and spicysnack,27a,2018-03-04,Sunday Times 4787,https://times-xwd-times.livejournal.com/1903582.html,times_xwd_times
274,Hastily mend an old paving stone (6),COBBLE,Hastily mend/an old paving stone,1d,2018-03-04,Sunday Times 4787,https://times-xwd-times.livejournal.com/1903582.html,times_xwd_times
275,Remove obstruction in river (6),DELETE,Remove,2d,2018-03-04,Sunday Times 4787,https://times-xwd-times.livejournal.com/1903582.html,times_xwd_times
276,"Approach Polish guys outside a southern capital?(4,3,5)",WAYS AND MEANS,capital,3d,2018-03-04,Sunday Times 4787,https://times-xwd-times.livejournal.com/1903582.html,times_xwd_times
277,Perhaps metal from church roof in the van (4),LEAD,in the van,4d,2018-03-04,Sunday Times 4787,https://times-xwd-times.livejournal.com/1903582.html,times_xwd_times
278,Setting up keyboard instrument with one pipe (10),ORGANISING,Setting up,5d,2018-03-04,Sunday Times 4787,https://times-xwd-times.livejournal.com/1903582.html,times_xwd_times
279,"I order you to serve porridge, for example (8)",SENTENCE,"I order you to serve porridge, for example",7d,2018-03-04,Sunday Times 4787,https://times-xwd-times.livejournal.com/1903582.html,times_xwd_times
280,Made it twice possibly? (8),IMITATED,Made it twice possibly,8d,2018-03-04,Sunday Times 4787,https://times-xwd-times.livejournal.com/1903582.html,times_xwd_times
281,"Around end of dinner, food served includes anunhealthy-looking cake (6,6)",DANISH PASTRY,cake,11d,2018-03-04,Sunday Times 4787,https://times-xwd-times.livejournal.com/1903582.html,times_xwd_times
282,"Good batting at all times by George! (4,1,5)",WELL I NEVER,by George,14d,2018-03-04,Sunday Times 4787,https://times-xwd-times.livejournal.com/1903582.html,times_xwd_times
283,Rat initially attracted by rubbish put outside (8),APOSTATE,Rat,16d,2018-03-04,Sunday Times 4787,https://times-xwd-times.livejournal.com/1903582.html,times_xwd_times
284,Grope for board game (8),SCRABBLE,Grope for/board game,17d,2018-03-04,Sunday Times 4787,https://times-xwd-times.livejournal.com/1903582.html,times_xwd_times
285,Sailor climbing brown palm (6),RATTAN,palm,19d,2018-03-04,Sunday Times 4787,https://times-xwd-times.livejournal.com/1903582.html,times_xwd_times
286,Finally strippers finish burlesque (4-2),SEND-UP,burlesque,20d,2018-03-04,Sunday Times 4787,https://times-xwd-times.livejournal.com/1903582.html,times_xwd_times
287,Look happy when dull work is nearly done (4),GRIN,Look happy,23d,2018-03-04,Sunday Times 4787,https://times-xwd-times.livejournal.com/1903582.html,times_xwd_times
288,ID card's not in order? That's harsh (10),DISCORDANT,harsh,1a,2021-01-01,Times Quick Cryptic No 1779,https://times-xwd-times.livejournal.com/2465504.html,times_xwd_times
289,"Academic needs east-facing study, it's assumed (6)",DONNED,assumed,8a,2021-01-01,Times Quick Cryptic No 1779,https://times-xwd-times.livejournal.com/2465504.html,times_xwd_times
290,Flowing water about to invade street in the morning (6),STREAM,Flowing water,9a,2021-01-01,Times Quick Cryptic No 1779,https://times-xwd-times.livejournal.com/2465504.html,times_xwd_times
291,Pernickety person — kind inside (4),TYPE,kind,10a,2021-01-01,Times Quick Cryptic No 1779,https://times-xwd-times.livejournal.com/2465504.html,times_xwd_times
292,"Fairy, cast off, died (8)",PERISHED,died,11a,2021-01-01,Times Quick Cryptic No 1779,https://times-xwd-times.livejournal.com/2465504.html,times_xwd_times
293,"Poor area to reach, going outside hotel (6)",GHETTO,Poor area,12a,2021-01-01,Times Quick Cryptic No 1779,https://times-xwd-times.livejournal.com/2465504.html,times_xwd_times
294,"A Catholic, the female who may have a quiver? (6)",ARCHER,who may have a quiver,14a,2021-01-01,Times Quick Cryptic No 1779,https://times-xwd-times.livejournal.com/2465504.html,times_xwd_times
295,My virtue (8),GOODNESS,My/virtue,16a,2021-01-01,Times Quick Cryptic No 1779,https://times-xwd-times.livejournal.com/2465504.html,times_xwd_times
296,Beast that is cross — bull initially confined (4),IBEX,Beast,18a,2021-01-01,Times Quick Cryptic No 1779,https://times-xwd-times.livejournal.com/2465504.html,times_xwd_times
297,Fret about wading bird seen by river (6),REGRET,Fret about,20a,2021-01-01,Times Quick Cryptic No 1779,https://times-xwd-times.livejournal.com/2465504.html,times_xwd_times
298,To deal with soldier takes time (6),MANAGE,To deal with,21a,2021-01-01,Times Quick Cryptic No 1779,https://times-xwd-times.livejournal.com/2465504.html,times_xwd_times
299,People in limousines? You may see them at weddings (10),CARNATIONS,You may see them at weddings,22a,2021-01-01,Times Quick Cryptic No 1779,https://times-xwd-times.livejournal.com/2465504.html,times_xwd_times
300,Nothing right in girl? That's hard! (5),IVORY,That's hard!,2d,2021-01-01,Times Quick Cryptic No 1779,https://times-xwd-times.livejournal.com/2465504.html,times_xwd_times
301,Prisoner given shelter is satisfied (7),CONTENT,satisfied,3d,2021-01-01,Times Quick Cryptic No 1779,https://times-xwd-times.livejournal.com/2465504.html,times_xwd_times
302,Marxist maybe looking hot and bothered? (3),RED,Marxist maybe/looking hot and bothered?,4d,2021-01-01,Times Quick Cryptic No 1779,https://times-xwd-times.livejournal.com/2465504.html,times_xwd_times
303,For Europeans it's a terrible strain to accommodate us (9),AUSTRIANS,Europeans,5d,2021-01-01,Times Quick Cryptic No 1779,https://times-xwd-times.livejournal.com/2465504.html,times_xwd_times
304,Stipulations for academic periods (5),TERMS,Stipulations/academic periods,6d,2021-01-01,Times Quick Cryptic No 1779,https://times-xwd-times.livejournal.com/2465504.html,times_xwd_times
305,Some enter a cemetery: a bit of a bloomer (6),RACEME,a bit of a bloomer,7d,2021-01-01,Times Quick Cryptic No 1779,https://times-xwd-times.livejournal.com/2465504.html,times_xwd_times
306,Harry eats rubbish? I object! (9),PROTESTER,I object!,11d,2021-01-01,Times Quick Cryptic No 1779,https://times-xwd-times.livejournal.com/2465504.html,times_xwd_times
307,"Former President in small house, gone (6)",HOOVER,Former President,13d,2021-01-01,Times Quick Cryptic No 1779,https://times-xwd-times.livejournal.com/2465504.html,times_xwd_times
308,"Wine? Sing, drinking one — then get another one! (7)",CHIANTI,Wine,15d,2021-01-01,Times Quick Cryptic No 1779,https://times-xwd-times.livejournal.com/2465504.html,times_xwd_times
309,Greek party with wealth not half evident (5),DORIC,Greek,17d,2021-01-01,Times Quick Cryptic No 1779,https://times-xwd-times.livejournal.com/2465504.html,times_xwd_times
310,The Spanish drink in Scottish city (5),ELGIN,Scottish city,19d,2021-01-01,Times Quick Cryptic No 1779,https://times-xwd-times.livejournal.com/2465504.html,times_xwd_times
311,"Bird once in trench, having lost tail (3)",MOA,Bird once,21d,2021-01-01,Times Quick Cryptic No 1779,https://times-xwd-times.livejournal.com/2465504.html,times_xwd_times
312,Officer’s plan again to retreat (6),WARDER,Officer’s,1a,2018-02-14,Times 26961,https://times-xwd-times.livejournal.com/1894517.html,times_xwd_times
313,Tribe has bewildered language expert (8),HEBRAIST,anguage expert,5a,2018-02-14,Times 26961,https://times-xwd-times.livejournal.com/1894517.html,times_xwd_times
314,Looked at team getting embarrassed after trick (10),CONSIDERED,Looked at,9a,2018-02-14,Times 26961,https://times-xwd-times.livejournal.com/1894517.html,times_xwd_times
315,Island for the nobs featured in back issue of periodical (4),GUAM,Island,10a,2018-02-14,Times 26961,https://times-xwd-times.livejournal.com/1894517.html,times_xwd_times
316,"Reduce something bloody, having got back in time (8)",DEROGATE,Reduce,11a,2018-02-14,Times 26961,https://times-xwd-times.livejournal.com/1894517.html,times_xwd_times
317,Endless chatter around a fellow's clubs (6),LATHIS,clubs,12a,2018-02-14,Times 26961,https://times-xwd-times.livejournal.com/1894517.html,times_xwd_times
318,Sheep runs that may hold water (4),EWER,that may hold water,13a,2018-02-14,Times 26961,https://times-xwd-times.livejournal.com/1894517.html,times_xwd_times
319,This person is probing your old-fashioned food content (8),THIAMINE,food content,15a,2018-02-14,Times 26961,https://times-xwd-times.livejournal.com/1894517.html,times_xwd_times
320,"Poet’s line, one on compassion (8)",LOVELACE,Poet,18a,2018-02-14,Times 26961,https://times-xwd-times.livejournal.com/1894517.html,times_xwd_times
321,Bed or mattress? It may be found in here (4),DORM,It may be found in here,19a,2018-02-14,Times 26961,https://times-xwd-times.livejournal.com/1894517.html,times_xwd_times
322,"Affected by bugs, get cold after first day of month (6)",SEPTIC,Affected by bugs,21a,2018-02-14,Times 26961,https://times-xwd-times.livejournal.com/1894517.html,times_xwd_times
323,Melting tarmac starts to restrict some vehicles (8),TRAMCARS,vehicles,23a,2018-02-14,Times 26961,https://times-xwd-times.livejournal.com/1894517.html,times_xwd_times
324,Magical power of weaver in story spoken of (4),MANA,Magical power/weaver in story spoken of,25a,2018-02-14,Times 26961,https://times-xwd-times.livejournal.com/1894517.html,times_xwd_times
325,Priest and French actor performing? It's uplifting (10),LEVITATION,uplifting,26a,2018-02-14,Times 26961,https://times-xwd-times.livejournal.com/1894517.html,times_xwd_times
326,Base established — cycle around it? (8),PEDESTAL,Base,27a,2018-02-14,Times 26961,https://times-xwd-times.livejournal.com/1894517.html,times_xwd_times
327,Perversion is admitted by unfortunate male (6),SADISM,Perversion,28a,2018-02-14,Times 26961,https://times-xwd-times.livejournal.com/1894517.html,times_xwd_times
328,Pole’s few lines of poetry (5),ANODE,Pole,2d,2018-02-14,Times 26961,https://times-xwd-times.livejournal.com/1894517.html,times_xwd_times
329,Sure to be upset following party conversation (9),DISCOURSE,conversation,3d,2018-02-14,Times 26961,https://times-xwd-times.livejournal.com/1894517.html,times_xwd_times
330,Spoke favouring reform — not Conservative (6),RADIAL,Spoke,4d,2018-02-14,Times 26961,https://times-xwd-times.livejournal.com/1894517.html,times_xwd_times
331,"Several faiths TV represented in a religious celebration (7,8)",HARVEST FESTIVAL,Several faiths TV,5d,2018-02-14,Times 26961,https://times-xwd-times.livejournal.com/1894517.html,times_xwd_times
332,"Short chum sits on meadow, squashing one plant (8)",BUDDLEIA,plant,6d,2018-02-14,Times 26961,https://times-xwd-times.livejournal.com/1894517.html,times_xwd_times
333,"Strong tastes, first to last, creating uncomfortable feeling (5)",ANGST,uncomfortable feeling,7d,2018-02-14,Times 26961,https://times-xwd-times.livejournal.com/1894517.html,times_xwd_times
334,Trader giving one artist supply (9),STATIONER,Trader,8d,2018-02-14,Times 26961,https://times-xwd-times.livejournal.com/1894517.html,times_xwd_times
335,"With something large in the environment, lose out completely (9)",WHOLESALE,completely,14d,2018-02-14,Times 26961,https://times-xwd-times.livejournal.com/1894517.html,times_xwd_times
336,Resolved to restrict cold with health-giving ingredients (9),MEDICATED,with health-giving ingredients,16d,2018-02-14,Times 26961,https://times-xwd-times.livejournal.com/1894517.html,times_xwd_times
337,Inscribed within church window maybe see knight (8),LANCELOT,knigh,17d,2018-02-14,Times 26961,https://times-xwd-times.livejournal.com/1894517.html,times_xwd_times
338,Love appearing in underwear in funny shows (6),PANTOS,funny shows,20d,2018-02-14,Times 26961,https://times-xwd-times.livejournal.com/1894517.html,times_xwd_times
339,Traffic needs to speed up heading for Edinburgh (5),TRADE,Traffic,22d,2018-02-14,Times 26961,https://times-xwd-times.livejournal.com/1894517.html,times_xwd_times
340,Cheats and criminals caught out (5),ROOKS,Cheats,24d,2018-02-14,Times 26961,https://times-xwd-times.livejournal.com/1894517.html,times_xwd_times
341,Key rings unable to be brought up (5),TABOO,unable to be brought up,1a,2018-01-03,Times 26925,https://times-xwd-times.livejournal.com/1871206.html,times_xwd_times
342,Frantic chase with army ducking shots (6-3),CAMERA-SHY,ducking shots,4a,2018-01-03,Times 26925,https://times-xwd-times.livejournal.com/1871206.html,times_xwd_times
343,Not including design leaving a waste product (9),EXCRETION,waste product,9a,2018-01-03,Times 26925,https://times-xwd-times.livejournal.com/1871206.html,times_xwd_times
344,Asian dog covering miles (5),TAMIL,Asian,10a,2018-01-03,Times 26925,https://times-xwd-times.livejournal.com/1871206.html,times_xwd_times
345,"Getting unseated, mounted fighter's lost face (6)",OUSTER,Getting unseated,11a,2018-01-03,Times 26925,https://times-xwd-times.livejournal.com/1871206.html,times_xwd_times
346,Tag game outside involved tariff (8),GRAFFITO,Tag,12a,2018-01-03,Times 26925,https://times-xwd-times.livejournal.com/1871206.html,times_xwd_times
347,"Loudly entering drunk, sense I might get duped (4,5)",SOFT TOUCH,I might get duped,14a,2018-01-03,Times 26925,https://times-xwd-times.livejournal.com/1871206.html,times_xwd_times
348,Like this young lady from East African port (5),LAGOS,African port,16a,2018-01-03,Times 26925,https://times-xwd-times.livejournal.com/1871206.html,times_xwd_times
349,Plaintiff's back behind person who won't be appealing? (5),FRUMP,person who won't be appealing,17a,2018-01-03,Times 26925,https://times-xwd-times.livejournal.com/1871206.html,times_xwd_times
350,Like to dig into top grub prepared here? (9),GASTROPUB,Like to dig into top grub prepared here,19a,2018-01-03,Times 26925,https://times-xwd-times.livejournal.com/1871206.html,times_xwd_times
351,Go off a person in party giving a twirl (8),ROTATORY,giving a twirl,21a,2018-01-03,Times 26925,https://times-xwd-times.livejournal.com/1871206.html,times_xwd_times
352,"Periodically, varsity hymn gets a complaint (6)",ASTHMA,a complaint,22a,2018-01-03,Times 26925,https://times-xwd-times.livejournal.com/1871206.html,times_xwd_times
353,Give a lift to European and others around (5),ELATE,Give a lift to,25a,2018-01-03,Times 26925,https://times-xwd-times.livejournal.com/1871206.html,times_xwd_times
354,"Bourbons knocked back by this general: a vulgar, boring soldier (9)",GARIBALDI,Bourbons knocked back by this general,26a,2018-01-03,Times 26925,https://times-xwd-times.livejournal.com/1871206.html,times_xwd_times
355,British are out to block harsh brickbat (9),RASPBERRY,brickbat,27a,2018-01-03,Times 26925,https://times-xwd-times.livejournal.com/1871206.html,times_xwd_times
356,Writer quite slowly knocking out leading article (5),DANTE,Writer,28a,2018-01-03,Times 26925,https://times-xwd-times.livejournal.com/1871206.html,times_xwd_times
357,"We're short of tailored clothing that's tight (3,5,3,4)",THE WORSE FOR WEAR,tight,1d,2018-01-03,Times 26925,https://times-xwd-times.livejournal.com/1871206.html,times_xwd_times
358,Funds in Madison County (5),BUCKS,Funds in Madison/County,2d,2018-01-03,Times 26925,https://times-xwd-times.livejournal.com/1871206.html,times_xwd_times
359,Fail to limit fare before passing through duty-free? (7),OVEREAT,Fail to limit fare,3d,2018-01-03,Times 26925,https://times-xwd-times.livejournal.com/1871206.html,times_xwd_times
360,Cold sauce for prune (4),CLIP,prune,4d,2018-01-03,Times 26925,https://times-xwd-times.livejournal.com/1871206.html,times_xwd_times
361,Upset stomach in the end for Burger King fan (10),MONARCHIST,King fan,5d,2018-01-03,Times 26925,https://times-xwd-times.livejournal.com/1871206.html,times_xwd_times
362,"Tee off straight, feeling pity for others once (7)",RUTHFUL,feeling pity for others once,6d,2018-01-03,Times 26925,https://times-xwd-times.livejournal.com/1871206.html,times_xwd_times
363,Calling for cuts on winning résumé (7-2),SUMMING-UP,résumé,7d,2018-01-03,Times 26925,https://times-xwd-times.livejournal.com/1871206.html,times_xwd_times
364,"A single chicken sandwich (6,9)",YELLOW SUBMARINE,A single,8d,2018-01-03,Times 26925,https://times-xwd-times.livejournal.com/1871206.html,times_xwd_times
365,Chirpy Australian doctor on a run after shift (10),BUDGERIGAR,Chirpy Australian,13d,2018-01-03,Times 26925,https://times-xwd-times.livejournal.com/1871206.html,times_xwd_times
366,"Fliers in tropics giving clue for bananas (5,4)",FRUIT BATS,Fliers in tropics,15d,2018-01-03,Times 26925,https://times-xwd-times.livejournal.com/1871206.html,times_xwd_times
367,"What might season reportedly be, after fuss? (7)",POTHERB,What might season,18d,2018-01-03,Times 26925,https://times-xwd-times.livejournal.com/1871206.html,times_xwd_times
368,Did rebel call the wrong way? It'll prove a bloomer (7),ROSEBUD,It'll prove a bloomer,20d,2018-01-03,Times 26925,https://times-xwd-times.livejournal.com/1871206.html,times_xwd_times
369,Treasure for Paris Commune Le Havre's seized back (5),HELEN,Treasure for Paris,23d,2018-01-03,Times 26925,https://times-xwd-times.livejournal.com/1871206.html,times_xwd_times
370,Sally hasn’t got over fight (4),FRAY,fight,24d,2018-01-03,Times 26925,https://times-xwd-times.livejournal.com/1871206.html,times_xwd_times
371,"Cycle on the side of a drop and court disaster (4,3,1,4)",RIDE FOR A FALL,court disaster,1a,2018-09-03,Times 27133,https://times-xwd-times.livejournal.com/2001432.html,times_xwd_times
372,Very fine short name for a hedgehog? (5),SONIC,name for a hedgehog?,9a,2018-09-03,Times 27133,https://times-xwd-times.livejournal.com/2001432.html,times_xwd_times
373,"Fully discuss party no longer in the game (6,3)",THRASH OUT,Fully discuss,10a,2018-09-03,Times 27133,https://times-xwd-times.livejournal.com/2001432.html,times_xwd_times
374,Organ stop in list (8),REGISTER,Organ stop/list,11a,2018-09-03,Times 27133,https://times-xwd-times.livejournal.com/2001432.html,times_xwd_times
375,"Appear in an excited state after parade (4,2)",SHOW UP,Appear,12a,2018-09-03,Times 27133,https://times-xwd-times.livejournal.com/2001432.html,times_xwd_times
376,Poisonous liquid in alcohol taken by him at the end (8),METHANOL,Poisonous liquid,13a,2018-09-03,Times 27133,https://times-xwd-times.livejournal.com/2001432.html,times_xwd_times
377,Watchword of guy painting in retirement (6),MANTRA,Watchword,15a,2018-09-03,Times 27133,https://times-xwd-times.livejournal.com/2001432.html,times_xwd_times
378,In goal blocking shot (6),TRENDY,In,17a,2018-09-03,Times 27133,https://times-xwd-times.livejournal.com/2001432.html,times_xwd_times
379,"Female changed, then sat on the fence (8)",FALTERED,sat on the fence,18a,2018-09-03,Times 27133,https://times-xwd-times.livejournal.com/2001432.html,times_xwd_times
380,Standards concerning rector (6),PARSON,rector,20a,2018-09-03,Times 27133,https://times-xwd-times.livejournal.com/2001432.html,times_xwd_times
381,"Rank reduced, so resign (4,4)",STEP DOWN,resign,21a,2018-09-03,Times 27133,https://times-xwd-times.livejournal.com/2001432.html,times_xwd_times
382,"Musical passage in film (5,4)",ANNIE HALL,film,24a,2018-09-03,Times 27133,https://times-xwd-times.livejournal.com/2001432.html,times_xwd_times
383,Fool about to produce gunpowder ingredient (5),NITRE,gunpowder ingredient,25a,2018-09-03,Times 27133,https://times-xwd-times.livejournal.com/2001432.html,times_xwd_times
384,"Out of harm's way, insane criminals (4-8)",SAFE,criminals,26a,2018-09-03,Times 27133,https://times-xwd-times.livejournal.com/2001432.html,times_xwd_times
385,"Stage right, Oscar to play guitar (7)",ROSTRUM,Stage,1d,2018-09-03,Times 27133,https://times-xwd-times.livejournal.com/2001432.html,times_xwd_times
386,"Please understand term gent now misused when feeding dog (4,3,2,5)",DONT GET ME WRONG,Please understand,2d,2018-09-03,Times 27133,https://times-xwd-times.livejournal.com/2001432.html,times_xwd_times
387,"Concentrate following commander, American (5)",FOCUS,Concentrate,3d,2018-09-03,Times 27133,https://times-xwd-times.livejournal.com/2001432.html,times_xwd_times
388,"Betrayed the trust of lecturer after treat misinterpreted (6,2)",RATTED ON,Betrayed the trust of,4d,2018-09-03,Times 27133,https://times-xwd-times.livejournal.com/2001432.html,times_xwd_times
389,Plant in bogland across river (4),FERN,Plant,5d,2018-09-03,Times 27133,https://times-xwd-times.livejournal.com/2001432.html,times_xwd_times
390,"Fail to win compassion, become disillusioned (4,5)",LOSE HEART,become disillusioned,6d,2018-09-03,Times 27133,https://times-xwd-times.livejournal.com/2001432.html,times_xwd_times
391,"What may be a comfort to one who's just retired? (3-5,6)",HOT,What may be a comfort to one who's just retired?,7d,2018-09-03,Times 27133,https://times-xwd-times.livejournal.com/2001432.html,times_xwd_times
392,More work! (6),UTOPIA,More work!,8d,2018-09-03,Times 27133,https://times-xwd-times.livejournal.com/2001432.html,times_xwd_times
393,Group of stars with capital attorney (9),ANDROMEDA,Group of stars,14d,2018-09-03,Times 27133,https://times-xwd-times.livejournal.com/2001432.html,times_xwd_times
394,"Leader of revolt having measure of power over revolutionary count (3,5)",WAT TYLER,Leader of revolt,16d,2018-09-03,Times 27133,https://times-xwd-times.livejournal.com/2001432.html,times_xwd_times
395,"Picture which involves work (3,3)",TOP HAT,Picture,17d,2018-09-03,Times 27133,https://times-xwd-times.livejournal.com/2001432.html,times_xwd_times
396,Housekeeper died: ravens flying about (7),DANVERS,Housekeeper,19d,2018-09-03,Times 27133,https://times-xwd-times.livejournal.com/2001432.html,times_xwd_times
397,Fear of god? (5),PANIC,Fear,22d,2018-09-03,Times 27133,https://times-xwd-times.livejournal.com/2001432.html,times_xwd_times
398,Club's male champion (4),MACE,Club,23d,2018-09-03,Times 27133,https://times-xwd-times.livejournal.com/2001432.html,times_xwd_times
399,"Key area, watering hole (5,3)",SPACE BAR,Key,1a,2020-10-26,Times 27805,https://times-xwd-times.livejournal.com/2429465.html,times_xwd_times
400,"Worn out, quiet cat dropping head (6)",SHABBY,Worn out,6a,2020-10-26,Times 27805,https://times-xwd-times.livejournal.com/2429465.html,times_xwd_times
401,"Cloth cutter, reportedly, for a beginner? (7,6)",CURTAIN RAISER,a beginner?,9a,2020-10-26,Times 27805,https://times-xwd-times.livejournal.com/2429465.html,times_xwd_times
402,Total when innings complete? (3-3),ALL,Total,10a,2020-10-26,Times 27805,https://times-xwd-times.livejournal.com/2429465.html,times_xwd_times
403,Philanderer’s limitless charm embraced by group I love (8),LOTHARIO,Philanderer,11a,2020-10-26,Times 27805,https://times-xwd-times.livejournal.com/2429465.html,times_xwd_times
404,Utopian novel italicised (10),IDEALISTIC,Utopian,13a,2020-10-26,Times 27805,https://times-xwd-times.livejournal.com/2429465.html,times_xwd_times
405,Nation marked for deletion? (4),TOGO,Nation,15a,2020-10-26,Times 27805,https://times-xwd-times.livejournal.com/2429465.html,times_xwd_times
406,"Primate mentioned briefly, dressing king (4)",SAKI,Primate,16a,2020-10-26,Times 27805,https://times-xwd-times.livejournal.com/2429465.html,times_xwd_times
407,"Adjustment made in time, spring back (4,6)",LEAP SECOND,Adjustment made in time,18a,2020-10-26,Times 27805,https://times-xwd-times.livejournal.com/2429465.html,times_xwd_times
408,File in woodland getting lost (8),DOWNLOAD,File,21a,2020-10-26,Times 27805,https://times-xwd-times.livejournal.com/2429465.html,times_xwd_times
409,"Leave on Christmas morning, possibly with papa (6)",DECAMP,Leave,22a,2020-10-26,Times 27805,https://times-xwd-times.livejournal.com/2429465.html,times_xwd_times
410,"Novelist and critic cross, furious with English city (4,5,4)",FORD MADOX FORD,Novelist and critic,23a,2020-10-26,Times 27805,https://times-xwd-times.livejournal.com/2429465.html,times_xwd_times
411,Case of Welshman bagging very wild dragon (6),WYVERN,dragon,25a,2020-10-26,Times 27805,https://times-xwd-times.livejournal.com/2429465.html,times_xwd_times
412,Show on television initially in the money (8),PRETENCE,Show,26a,2020-10-26,Times 27805,https://times-xwd-times.livejournal.com/2429465.html,times_xwd_times
413,Cream shown in one's cups (7),PICKLED,in one's cups,2d,2020-10-26,Times 27805,https://times-xwd-times.livejournal.com/2429465.html,times_xwd_times
414,"Fat tummy, big concern (11)",CORPORATION,Fat tummy/ big concern,3d,2020-10-26,Times 27805,https://times-xwd-times.livejournal.com/2429465.html,times_xwd_times
415,Condemn explosion (5),BLAST,Condemn/explosion,4d,2020-10-26,Times 27805,https://times-xwd-times.livejournal.com/2429465.html,times_xwd_times
416,"Lock phone, given licence (7)",RINGLET,Lock,5d,2020-10-26,Times 27805,https://times-xwd-times.livejournal.com/2429465.html,times_xwd_times
417,Film role in bag with support of American (9),SPARTACUS,Film,6d,2020-10-26,Times 27805,https://times-xwd-times.livejournal.com/2429465.html,times_xwd_times
418,Muscles  stopping system (3),ABS,Muscles /stopping system,7d,2020-10-26,Times 27805,https://times-xwd-times.livejournal.com/2429465.html,times_xwd_times
419,Cuckoo  making beastly noise (7),BARKING,Cuckoo /making beastly noise,8d,2020-10-26,Times 27805,https://times-xwd-times.livejournal.com/2429465.html,times_xwd_times
420,Soldier very bitter over identical issue getting high (11),ANTICYCLONE,high,12d,2020-10-26,Times 27805,https://times-xwd-times.livejournal.com/2429465.html,times_xwd_times
421,"Sad if solemn, a British dependency (4,2,3)",ISLE OF MAN,British dependency,14d,2020-10-26,Times 27805,https://times-xwd-times.livejournal.com/2429465.html,times_xwd_times
422,"So distant, a buzzer in private chamber? (7)",ALOOFLY,So distant,17d,2020-10-26,Times 27805,https://times-xwd-times.livejournal.com/2429465.html,times_xwd_times
423,"Ready to bat after opener dismissed? Seemed likely (5,2)",ADDED UP,Seemed likely,19d,2020-10-26,Times 27805,https://times-xwd-times.livejournal.com/2429465.html,times_xwd_times
424,"Loco caught by travelling icon, always on the move (7)",NOMADIC,always on the move,20d,2020-10-26,Times 27805,https://times-xwd-times.livejournal.com/2429465.html,times_xwd_times
425,"French figure that is from New Orleans, say? (5)",DIXIE,"from New Orleans, say?",22d,2020-10-26,Times 27805,https://times-xwd-times.livejournal.com/2429465.html,times_xwd_times
426,"Grain in granary, evidently! (3)",RYE,Grain,24d,2020-10-26,Times 27805,https://times-xwd-times.livejournal.com/2429465.html,times_xwd_times
427,Tough guys breaking ribs? Sure! (8),BRUISERS,Tough guys,1a,2016-03-28,Quick Cryptic 535,https://times-xwd-times.livejournal.com/1492236.html,times_xwd_times
428,Like one with a large landmass (4),ASIA,large landmass,5a,2016-03-28,Quick Cryptic 535,https://times-xwd-times.livejournal.com/1492236.html,times_xwd_times
429,Queen follows favourite saint (5),PETER,saint,9a,2016-03-28,Quick Cryptic 535,https://times-xwd-times.livejournal.com/1492236.html,times_xwd_times
430,A word we hear in a German accent? So it's alleged (7),AVERRED,alleged,10a,2016-03-28,Quick Cryptic 535,https://times-xwd-times.livejournal.com/1492236.html,times_xwd_times
431,Cooler that is cold inside (3),ICE,Cooler,11a,2016-03-28,Quick Cryptic 535,https://times-xwd-times.livejournal.com/1492236.html,times_xwd_times
432,Proposed name I don't change (9),NOMINATED,Proposed,12a,2016-03-28,Quick Cryptic 535,https://times-xwd-times.livejournal.com/1492236.html,times_xwd_times
433,I'm taken aback by anger? That's an illusion (6),MIRAGE,illusion,13a,2016-03-28,Quick Cryptic 535,https://times-xwd-times.livejournal.com/1492236.html,times_xwd_times
434,Sibling ignoring the second disturbance (6),BOTHER,disturbance,15a,2016-03-28,Quick Cryptic 535,https://times-xwd-times.livejournal.com/1492236.html,times_xwd_times
435,"Lorna's family has least amount of data to contribute (2,4,3)",DO ONES BIT,contribute,17a,2016-03-28,Quick Cryptic 535,https://times-xwd-times.livejournal.com/1492236.html,times_xwd_times
436,Sprite seen in hotel foyer (3),ELF,Sprite,19a,2016-03-28,Quick Cryptic 535,https://times-xwd-times.livejournal.com/1492236.html,times_xwd_times
437,Tie up an awkward flower (7),PETUNIA,flower,20a,2016-03-28,Quick Cryptic 535,https://times-xwd-times.livejournal.com/1492236.html,times_xwd_times
438,"Confused when sailing? (2,3)",AT SEA,Confused/sailing,21a,2016-03-28,Quick Cryptic 535,https://times-xwd-times.livejournal.com/1492236.html,times_xwd_times
439,Mormon's end beside salt lake (4),TARN,lake,22a,2016-03-28,Quick Cryptic 535,https://times-xwd-times.livejournal.com/1492236.html,times_xwd_times
440,"Begin to understand material one doesn't finish (6,2)",COTTON ON,Begin to understand,23a,2016-03-28,Quick Cryptic 535,https://times-xwd-times.livejournal.com/1492236.html,times_xwd_times
441,Initiation that's suitable is in British Museum (7),BAPTISM,Initiation,1d,2016-03-28,Quick Cryptic 535,https://times-xwd-times.livejournal.com/1492236.html,times_xwd_times
442,Family member doesn't start to let loose (5),UNTIE,to let loose,2d,2016-03-28,Quick Cryptic 535,https://times-xwd-times.livejournal.com/1492236.html,times_xwd_times
443,"Jump on places for putting veg (6,6)",SPRING GREENS,veg,3d,2016-03-28,Quick Cryptic 535,https://times-xwd-times.livejournal.com/1492236.html,times_xwd_times
444,Province in actual centre of Germany (5),REALM,Province,4d,2016-03-28,Quick Cryptic 535,https://times-xwd-times.livejournal.com/1492236.html,times_xwd_times
445,Withdraw with minor injury (7),SCRATCH,Withdraw/minor injury,6d,2016-03-28,Quick Cryptic 535,https://times-xwd-times.livejournal.com/1492236.html,times_xwd_times
446,Extra snake almost died (5),ADDED,Extra,7d,2016-03-28,Quick Cryptic 535,https://times-xwd-times.livejournal.com/1492236.html,times_xwd_times
447,"Simple dish — not as snob ate in mess (5,2,5)",BEANS ON TOAST,Simple dish,8d,2016-03-28,Quick Cryptic 535,https://times-xwd-times.livejournal.com/1492236.html,times_xwd_times
448,Cock Robin initially waving to Rose (7),ROOSTER,Cock,14d,2016-03-28,Quick Cryptic 535,https://times-xwd-times.livejournal.com/1492236.html,times_xwd_times
449,Hold back from the chorus (7),REFRAIN,Hold back from/chorus,16d,2016-03-28,Quick Cryptic 535,https://times-xwd-times.livejournal.com/1492236.html,times_xwd_times
450,Extremely desirable drug store (5),DEPOT,store,17d,2016-03-28,Quick Cryptic 535,https://times-xwd-times.livejournal.com/1492236.html,times_xwd_times
451,Encouraging word for Charlie's predecessor (5),BRAVO,Encouraging word/Charlie's predecessor,18d,2016-03-28,Quick Cryptic 535,https://times-xwd-times.livejournal.com/1492236.html,times_xwd_times
452,Uncommon sense in a German city (5),ESSEN,German city,19d,2016-03-28,Quick Cryptic 535,https://times-xwd-times.livejournal.com/1492236.html,times_xwd_times
453,"Redesigned forms treated to show economists’ ratio (5,2,5)",TERMS OF TRADE,economists’ ratio,1a,2016-07-22,Times Quick Cryptic 619,https://times-xwd-times.livejournal.com/1561605.html,times_xwd_times
454,"Moved fast around resort — more than needed (2,5)",TO SPARE,more than needed,8a,2016-07-22,Times Quick Cryptic 619,https://times-xwd-times.livejournal.com/1561605.html,times_xwd_times
455,"Widow’s share some shrew, odd, recalled (5)",DOWER,Widow’s share,9a,2016-07-22,Times Quick Cryptic 619,https://times-xwd-times.livejournal.com/1561605.html,times_xwd_times
456,"Coffee, second of two, unfinished (5)",LATTE,Coffee,10a,2016-07-22,Times Quick Cryptic 619,https://times-xwd-times.livejournal.com/1561605.html,times_xwd_times
457,"French king tucked into fowl, English, wonderful lady supplied (7)",HEROINE,wonderful lady,11a,2016-07-22,Times Quick Cryptic 619,https://times-xwd-times.livejournal.com/1561605.html,times_xwd_times
458,Clubs fancy something spicy? (5),CLOVE,something spicy,12a,2016-07-22,Times Quick Cryptic 619,https://times-xwd-times.livejournal.com/1561605.html,times_xwd_times
459,"Endlessly, the guard returned bringing sort of beer (7)",DRAUGHT,sort of beer,14a,2016-07-22,Times Quick Cryptic 619,https://times-xwd-times.livejournal.com/1561605.html,times_xwd_times
460,A missing Citroen car crashed? Wrong (9),INCORRECT,Wrong/a,15a,2016-07-22,Times Quick Cryptic 619,https://times-xwd-times.livejournal.com/1561605.html,times_xwd_times
461,Trade Union at first meet Corporation (3),TUM,Corporation,17a,2016-07-22,Times Quick Cryptic 619,https://times-xwd-times.livejournal.com/1561605.html,times_xwd_times
462,"Clandestine people see City sector in trouble (6,7)",SECRET SOCIETY,Clandestine people,19a,2016-07-22,Times Quick Cryptic 619,https://times-xwd-times.livejournal.com/1561605.html,times_xwd_times
463,"Become active in Antibes, tireless (6)",BESTIR,Become active,21a,2016-07-22,Times Quick Cryptic 619,https://times-xwd-times.livejournal.com/1561605.html,times_xwd_times
464,Server missing one essential liquid (5),WATER,essential liquid,22a,2016-07-22,Times Quick Cryptic 619,https://times-xwd-times.livejournal.com/1561605.html,times_xwd_times
465,"Organised top celestial event in the heavens (5,7)",TOTAL ECLIPSE,event in the heavens,1d,2016-07-22,Times Quick Cryptic 619,https://times-xwd-times.livejournal.com/1561605.html,times_xwd_times
466,"Dish — very dry, provided in port (7)",RISOTTO,Dish,2d,2016-07-22,Times Quick Cryptic 619,https://times-xwd-times.livejournal.com/1561605.html,times_xwd_times
467,"Ascending in medieval society, one worked hard (5)",SLAVE,one worked hard,3d,2016-07-22,Times Quick Cryptic 619,https://times-xwd-times.livejournal.com/1561605.html,times_xwd_times
468,New farmer oddly quiet (5),FRESH,New,4d,2016-07-22,Times Quick Cryptic 619,https://times-xwd-times.livejournal.com/1561605.html,times_xwd_times
469,"Darts, beer, excited Robin? (9)",REDBREAST,Robin?,5d,2016-07-22,Times Quick Cryptic 619,https://times-xwd-times.livejournal.com/1561605.html,times_xwd_times
470,"Duke having setter, strangely, in place of PM (7,6)",DOWNING STREET,place of PM,6d,2016-07-22,Times Quick Cryptic 619,https://times-xwd-times.livejournal.com/1561605.html,times_xwd_times
471,"Eager to be hugged by wizard, enthralling (6)",ARDENT,Eager,7d,2016-07-22,Times Quick Cryptic 619,https://times-xwd-times.livejournal.com/1561605.html,times_xwd_times
472,Serious attention retreat needed (7),EARNEST,Serious,13d,2016-07-22,Times Quick Cryptic 619,https://times-xwd-times.livejournal.com/1561605.html,times_xwd_times
473,"Lady’s maid, / part of the furniture? (7)",DRESSER,Lady’s maid/part of the furniture,14d,2016-07-22,Times Quick Cryptic 619,https://times-xwd-times.livejournal.com/1561605.html,times_xwd_times
474,Introduction of competition hurt store (5),CACHE,store,16d,2016-07-22,Times Quick Cryptic 619,https://times-xwd-times.livejournal.com/1561605.html,times_xwd_times
475,Municipal head from Irish county? Right (5),MAYOR,Municipal head,18d,2016-07-22,Times Quick Cryptic 619,https://times-xwd-times.livejournal.com/1561605.html,times_xwd_times
476,"Raven’s cry, primarily croaky and whiny (3)",CAW,Raven’s cry,20d,2016-07-22,Times Quick Cryptic 619,https://times-xwd-times.livejournal.com/1561605.html,times_xwd_times
477,"Publication by students with classy, clean content, fantastic achievement (6,4)",MAGNUM OPUS,fantastic achievement,1a,2020-06-04,"Times 27,683",https://times-xwd-times.livejournal.com/2350199.html,times_xwd_times
478,Youngster swallows large part of tooth (4),PULP,part of tooth,6a,2020-06-04,"Times 27,683",https://times-xwd-times.livejournal.com/2350199.html,times_xwd_times
479,"Where some are playing football, or riding around (8)",GRIDIRON,Where some are playing football,8a,2020-06-04,"Times 27,683",https://times-xwd-times.livejournal.com/2350199.html,times_xwd_times
480,"Lights finally low, central heating on, kiss and cuddle (6)",SMOOCH,kiss and cuddle,9a,2020-06-04,"Times 27,683",https://times-xwd-times.livejournal.com/2350199.html,times_xwd_times
481,Corpse is gory: look out (4),BODY,Corpse,10a,2020-06-04,"Times 27,683",https://times-xwd-times.livejournal.com/2350199.html,times_xwd_times
482,A reminder of the late quality of wine (10),GRAVESTONE,A reminder of the late,11a,2020-06-04,"Times 27,683",https://times-xwd-times.livejournal.com/2350199.html,times_xwd_times
483,Scrub fork clean for a bit of breakfast (9),CORNFLAKE,a bit of breakfast,12a,2020-06-04,"Times 27,683",https://times-xwd-times.livejournal.com/2350199.html,times_xwd_times
484,Refuse hard slog (5),MARCH,slog,14a,2020-06-04,"Times 27,683",https://times-xwd-times.livejournal.com/2350199.html,times_xwd_times
485,Burned remains after emptying secret store (5),STASH,store,17a,2020-06-04,"Times 27,683",https://times-xwd-times.livejournal.com/2350199.html,times_xwd_times
486,"Loss of earnings shocking to Mexican (6,3)",INCOME TAX,Loss of earnings,19a,2020-06-04,"Times 27,683",https://times-xwd-times.livejournal.com/2350199.html,times_xwd_times
487,"Two obstacles, very large: it’s for a Russian invasion (10)",BARBAROSSA,a Russian invasion,22a,2020-06-04,"Times 27,683",https://times-xwd-times.livejournal.com/2350199.html,times_xwd_times
488,Creed not one to criticise harshly (4),SLAM,to criticise harshly,23a,2020-06-04,"Times 27,683",https://times-xwd-times.livejournal.com/2350199.html,times_xwd_times
489,Dish youngster eats sport being over (6),TUREEN,Dish,24a,2020-06-04,"Times 27,683",https://times-xwd-times.livejournal.com/2350199.html,times_xwd_times
490,A chronicler’s first to be replaced — his charges can be stinging (8),APIARIST,his charges can be stinging,25a,2020-06-04,"Times 27,683",https://times-xwd-times.livejournal.com/2350199.html,times_xwd_times
491,"Caught, not many would quarrel at length (4)",FEUD,quarrel at length,26a,2020-06-04,"Times 27,683",https://times-xwd-times.livejournal.com/2350199.html,times_xwd_times
492,Router sends digger round Bath (10),DISPATCHER,Router,27a,2020-06-04,"Times 27,683",https://times-xwd-times.livejournal.com/2350199.html,times_xwd_times
493,Be getting on motorway over part of England to make fortune (9),MEGABUCKS,fortune,1d,2020-06-04,"Times 27,683",https://times-xwd-times.livejournal.com/2350199.html,times_xwd_times
494,"Smile, darling, although missing a tooth (7)",GRINDER,tooth,2d,2020-06-04,"Times 27,683",https://times-xwd-times.livejournal.com/2350199.html,times_xwd_times
495,"To take a rich husband, they say, may be a bloomer (8)",MARIGOLD,a bloomer,3d,2020-06-04,"Times 27,683",https://times-xwd-times.livejournal.com/2350199.html,times_xwd_times
496,"Pay attention: after nip, as it were, I burn (3,4,4,4)",PIN BACK ONE,Pay attention,4d,2020-06-04,"Times 27,683",https://times-xwd-times.livejournal.com/2350199.html,times_xwd_times
497,Worked out divided county has ended up different (6),SUSSED,Worked out,5d,2020-06-04,"Times 27,683",https://times-xwd-times.livejournal.com/2350199.html,times_xwd_times
498,Lying for the country has caught ambassador finally (9),PROSTRATE,Lying,6d,2020-06-04,"Times 27,683",https://times-xwd-times.livejournal.com/2350199.html,times_xwd_times
499,Saying little boy almost in shape for ice cream? (7),LACONIC,Saying little,7d,2020-06-04,"Times 27,683",https://times-xwd-times.livejournal.com/2350199.html,times_xwd_times
